[{"model": "auth.permission", "pk": 1, "fields": {"name": "Can add log entry", "content_type": 1, "codename": "add_logentry"}}, {"model": "auth.permission", "pk": 2, "fields": {"name": "Can change log entry", "content_type": 1, "codename": "change_logentry"}}, {"model": "auth.permission", "pk": 3, "fields": {"name": "Can delete log entry", "content_type": 1, "codename": "delete_logentry"}}, {"model": "auth.permission", "pk": 4, "fields": {"name": "Can view log entry", "content_type": 1, "codename": "view_logentry"}}, {"model": "auth.permission", "pk": 5, "fields": {"name": "Can add permission", "content_type": 2, "codename": "add_permission"}}, {"model": "auth.permission", "pk": 6, "fields": {"name": "Can change permission", "content_type": 2, "codename": "change_permission"}}, {"model": "auth.permission", "pk": 7, "fields": {"name": "Can delete permission", "content_type": 2, "codename": "delete_permission"}}, {"model": "auth.permission", "pk": 8, "fields": {"name": "Can view permission", "content_type": 2, "codename": "view_permission"}}, {"model": "auth.permission", "pk": 9, "fields": {"name": "Can add group", "content_type": 3, "codename": "add_group"}}, {"model": "auth.permission", "pk": 10, "fields": {"name": "Can change group", "content_type": 3, "codename": "change_group"}}, {"model": "auth.permission", "pk": 11, "fields": {"name": "Can delete group", "content_type": 3, "codename": "delete_group"}}, {"model": "auth.permission", "pk": 12, "fields": {"name": "Can view group", "content_type": 3, "codename": "view_group"}}, {"model": "auth.permission", "pk": 13, "fields": {"name": "Can add content type", "content_type": 4, "codename": "add_contenttype"}}, {"model": "auth.permission", "pk": 14, "fields": {"name": "Can change content type", "content_type": 4, "codename": "change_contenttype"}}, {"model": "auth.permission", "pk": 15, "fields": {"name": "Can delete content type", "content_type": 4, "codename": "delete_contenttype"}}, {"model": "auth.permission", "pk": 16, "fields": {"name": "Can view content type", "content_type": 4, "codename": "view_contenttype"}}, {"model": "auth.permission", "pk": 17, "fields": {"name": "Can add session", "content_type": 5, "codename": "add_session"}}, {"model": "auth.permission", "pk": 18, "fields": {"name": "Can change session", "content_type": 5, "codename": "change_session"}}, {"model": "auth.permission", "pk": 19, "fields": {"name": "Can delete session", "content_type": 5, "codename": "delete_session"}}, {"model": "auth.permission", "pk": 20, "fields": {"name": "Can view session", "content_type": 5, "codename": "view_session"}}, {"model": "auth.permission", "pk": 21, "fields": {"name": "Can add Суши", "content_type": 6, "codename": "add_sushi"}}, {"model": "auth.permission", "pk": 22, "fields": {"name": "Can change Суши", "content_type": 6, "codename": "change_sushi"}}, {"model": "auth.permission", "pk": 23, "fields": {"name": "Can delete Суши", "content_type": 6, "codename": "delete_sushi"}}, {"model": "auth.permission", "pk": 24, "fields": {"name": "Can view Суши", "content_type": 6, "codename": "view_sushi"}}, {"model": "auth.permission", "pk": 25, "fields": {"name": "Can add user", "content_type": 7, "codename": "add_user"}}, {"model": "auth.permission", "pk": 26, "fields": {"name": "Can change user", "content_type": 7, "codename": "change_user"}}, {"model": "auth.permission", "pk": 27, "fields": {"name": "Can delete user", "content_type": 7, "codename": "delete_user"}}, {"model": "auth.permission", "pk": 28, "fields": {"name": "Can view user", "content_type": 7, "codename": "view_user"}}, {"model": "auth.permission", "pk": 29, "fields": {"name": "Can add profile", "content_type": 8, "codename": "add_profile"}}, {"model": "auth.permission", "pk": 30, "fields": {"name": "Can change profile", "content_type": 8, "codename": "change_profile"}}, {"model": "auth.permission", "pk": 31, "fields": {"name": "Can delete profile", "content_type": 8, "codename": "delete_profile"}}, {"model": "auth.permission", "pk": 32, "fields": {"name": "Can view profile", "content_type": 8, "codename": "view_profile"}}, {"model": "auth.permission", "pk": 33, "fields": {"name": "Can add cart", "content_type": 9, "codename": "add_cart"}}, {"model": "auth.permission", "pk": 34, "fields": {"name": "Can change cart", "content_type": 9, "codename": "change_cart"}}, {"model": "auth.permission", "pk": 35, "fields": {"name": "Can delete cart", "content_type": 9, "codename": "delete_cart"}}, {"model": "auth.permission", "pk": 36, "fields": {"name": "Can view cart", "content_type": 9, "codename": "view_cart"}}, {"model": "auth.permission", "pk": 37, "fields": {"name": "Can add commentary", "content_type": 10, "codename": "add_commentary"}}, {"model": "auth.permission", "pk": 38, "fields": {"name": "Can change commentary", "content_type": 10, "codename": "change_commentary"}}, {"model": "auth.permission", "pk": 39, "fields": {"name": "Can delete commentary", "content_type": 10, "codename": "delete_commentary"}}, {"model": "auth.permission", "pk": 40, "fields": {"name": "Can view commentary", "content_type": 10, "codename": "view_commentary"}}, {"model": "contenttypes.contenttype", "pk": 1, "fields": {"app_label": "admin", "model": "logentry"}}, {"model": "contenttypes.contenttype", "pk": 2, "fields": {"app_label": "auth", "model": "permission"}}, {"model": "contenttypes.contenttype", "pk": 3, "fields": {"app_label": "auth", "model": "group"}}, {"model": "contenttypes.contenttype", "pk": 4, "fields": {"app_label": "contenttypes", "model": "contenttype"}}, {"model": "contenttypes.contenttype", "pk": 5, "fields": {"app_label": "sessions", "model": "session"}}, {"model": "contenttypes.contenttype", "pk": 6, "fields": {"app_label": "main", "model": "sushi"}}, {"model": "contenttypes.contenttype", "pk": 7, "fields": {"app_label": "user", "model": "user"}}, {"model": "contenttypes.contenttype", "pk": 8, "fields": {"app_label": "user", "model": "profile"}}, {"model": "contenttypes.contenttype", "pk": 9, "fields": {"app_label": "cart", "model": "cart"}}, {"model": "contenttypes.contenttype", "pk": 10, "fields": {"app_label": "user", "model": "commentary"}}, {"model": "sessions.session", "pk": "3r7kop1k4sy7qobi4g3x8plnxqwmkkza", "fields": {"session_data": ".eJxVjEEOwiAQRe_C2hBmWgp16b5nIAMMUjU0Ke3KeHdp0oVu33v_v4Wjfctur7y6OYqrQBSXX-gpPLkcJj6o3BcZlrKts5dHIk9b5bREft3O9u8gU81tPZiAiu2oNSRllNdk-x4iIVgk20jnrYLEmrxvDTB0RiEn5hhMGkbx-QLhJzeU:1sSYdL:S-6JBPvZv-X-5LyJ7xRI6GUhPUAA-udJzdlImOrG7ds", "expire_date": "2024-07-27T09:01:35.215Z"}}, {"model": "main.sushi", "pk": 1, "fields": {"name": "Набор Капибары", "price": 1999, "description": "Набор капибары - уникальный набор, включающий в себя суши по Марсиански, картошку по вегетариански, борщ по шефповарски и колбаса по Беларусски", "slug": "nabor-kapibary", "type": "kit", "image": "sushi/sushiCapybara_HyETvzo.png", "rate": 5}}, {"model": "main.sushi", "pk": 2, "fields": {"name": "Набор Нигири", "price": 899, "description": "Набор Нигири, сделанный в Нигерии", "slug": "nabor-nigiri", "type": "kit", "image": "sushi/Screenshot_from_2024-07-11_16-08-37.png", "rate": 1}}, {"model": "main.sushi", "pk": 3, "fields": {"name": "Суши Наруто Узумаки", "price": 4976, "description": "Великолепные суши для того, чтобы ощутить прилив сил и идти к великой цели становления Хокаге!", "slug": "sushi-naruto-uzumaki", "type": "one", "image": "sushi/Screenshot_from_2024-07-11_16-10-14.png", "rate": 4}}, {"model": "main.sushi", "pk": 4, "fields": {"name": "Набор Админа", "price": 5555, "description": "Каждый уважающий себя Администратор покупал этот набо", "slug": "nabor-admina", "type": "kit", "image": "sushi/Screenshot_from_2024-07-11_16-10-31.png", "rate": 2}}, {"model": "main.sushi", "pk": 5, "fields": {"name": "Тыквенные суши", "price": 1249, "description": "Суши из тыквы", "slug": "tykvennye-sushi", "type": "one", "image": "sushi/Screenshot_from_2024-07-11_16-11-20.png", "rate": 3}}, {"model": "main.sushi", "pk": 6, "fields": {"name": "Сет Бога", "price": 7777, "description": "Сам Бог заказывал их", "slug": "set-boga", "type": "set", "image": "sushi/Screenshot_from_2024-07-11_16-12-00.png", "rate": 5}}, {"model": "main.sushi", "pk": 7, "fields": {"name": "Суши капибара", "price": 1200, "description": "Суши капибара - суши, над которыми молились великие капибары", "slug": "sushi-kapibara", "type": "one", "image": "sushi/Screenshot_from_2024-07-11_16-12-39.png", "rate": 1}}, {"model": "main.sushi", "pk": 8, "fields": {"name": "Сет кит стартера", "price": 12976, "description": "Сет кит стартера - изумительный сет с прекрасными вкусными сушами. Пропиши /kit start либо закажи их у нас", "slug": "set-kit-startera", "type": "set", "image": "sushi/Screenshot_from_2024-07-11_16-13-41.png", "rate": 4}}, {"model": "main.sushi", "pk": 9, "fields": {"name": "Отстойная суша", "price": 100, "description": "Она отстойная", "slug": "otstojnaya-susha", "type": "one", "image": "sushi/Screenshot_from_2024-07-11_16-14-53.png", "rate": 1}}, {"model": "main.sushi", "pk": 10, "fields": {"name": "Мармеладные суши", "price": 900, "description": "Суши из мармелада. А что? Есть же пицца с ананасами", "slug": "marmeladnye-sushi", "type": "one", "image": "sushi/Screenshot_from_2024-07-11_16-15-42.png", "rate": 5}}, {"model": "main.sushi", "pk": 11, "fields": {"name": "Сытый Мао", "price": 1599, "description": "Мао будет сытым, а ты нет? Не порядок...", "slug": "sytyj-mao", "type": "one", "image": "sushi/Screenshot_from_2024-07-11_16-16-38.png", "rate": 4}}, {"model": "main.sushi", "pk": 12, "fields": {"name": "Вегетарианские суши", "price": 19849, "description": "Стоит попробовать!", "slug": "vegetarianskie-sushi", "type": "one", "image": "sushi/Screenshot_from_2024-07-11_16-17-31.png", "rate": 1}}, {"model": "main.sushi", "pk": 13, "fields": {"name": "Суши средняка", "price": 1500, "description": "Суши типичного средняка", "slug": "sushi-srednyaka", "type": "one", "image": "sushi/Screenshot_from_2024-07-11_16-18-29.png", "rate": 2}}, {"model": "main.sushi", "pk": 14, "fields": {"name": "Суши богача", "price": 3499, "description": "Суши типичного богача", "slug": "sushi-bogacha", "type": "one", "image": "sushi/Screenshot_from_2024-07-11_16-19-27.png", "rate": 5}}, {"model": "main.sushi", "pk": 15, "fields": {"name": "Суши миллионера", "price": 12345, "description": "Суши типичного миллионера", "slug": "sushi-millionera", "type": "one", "image": "sushi/Screenshot_from_2024-07-11_16-20-13.png", "rate": 1}}, {"model": "main.sushi", "pk": 16, "fields": {"name": "Суши Билла Гейтса", "price": 999999, "description": "Суши типичного Билла Гейтса", "slug": "sushi-billa-gejtsa", "type": "one", "image": "sushi/Screenshot_from_2024-07-11_16-21-14.png", "rate": 1}}, {"model": "main.sushi", "pk": 17, "fields": {"name": "Сет бриллиант", "price": 5432, "description": "Сет бриллиант, ну не бриллиант ли это )F)F)F)F)F). не смешно? Ладно..", "slug": "set-brilliant", "type": "set", "image": "sushi/Screenshot_from_2024-07-11_16-21-59.png", "rate": 4}}, {"model": "main.sushi", "pk": 19, "fields": {"name": "Кружевной сет", "price": 19192, "description": "Сет роллов, да каких! Их готовил самый професиональный мастер из Германии с помощью продуктов из Франции, Белорусси, Австралии, Нигерии!", "slug": "kruzhevnoj-set", "type": "set", "image": "sushi/Screenshot_from_2024-07-11_16-24-22.png", "rate": 1}}, {"model": "main.sushi", "pk": 20, "fields": {"name": "Перекус майнкрафтера", "price": 700, "description": "Вкуснейший за свои деньги перекус майнкрафтера!", "slug": "perekus-majnkraftera", "type": "one", "image": "sushi/Screenshot_from_2024-07-11_16-25-52.png", "rate": 5}}, {"model": "user.profile", "pk": 6, "fields": {"user": 18, "last_name": "qwe", "first_name": "qwe", "patronymic": "qwe", "phone": "94448883434", "address": "qwe"}}, {"model": "user.profile", "pk": 7, "fields": {"user": 19, "last_name": "r", "first_name": "e", "patronymic": "t", "phone": "11111111111", "address": "y"}}, {"model": "user.profile", "pk": 8, "fields": {"user": 20, "last_name": "anonymous", "first_name": "anonymous", "patronymic": "anonymous", "phone": null, "address": null}}, {"model": "user.profile", "pk": 9, "fields": {"user": 21, "last_name": "anonymous", "first_name": "anonymous", "patronymic": "anonymous", "phone": null, "address": null}}, {"model": "user.profile", "pk": 10, "fields": {"user": 22, "last_name": "w", "first_name": "q", "patronymic": "e", "phone": "11111111111", "address": "r"}}, {"model": "user.user", "pk": 4, "fields": {"password": "pbkdf2_sha256$600000$GebiOitDgsKAj0PvWE89dc$NlbPgxNKGMICIH2daXfB3IG8XJ7pgi8bJElCqmYknGY=", "last_login": "2024-07-11T20:13:07.793Z", "is_superuser": false, "username": "sn3ypi", "first_name": "anonymous", "last_name": "anonymous", "email": "", "is_staff": false, "is_active": true, "date_joined": "2024-07-10T23:56:47.114Z", "image": "", "groups": [], "user_permissions": []}}, {"model": "user.user", "pk": 12, "fields": {"password": "pbkdf2_sha256$600000$BaWbkuQRCD5EvgykZInBSJ$Yp4GetSwx8UO1We1OwVoeA67uOyByreHaw+CESDndr0=", "last_login": "2024-07-11T20:25:07.994Z", "is_superuser": false, "username": "Ant", "first_name": "", "last_name": "", "email": "", "is_staff": false, "is_active": true, "date_joined": "2024-07-11T20:25:07.811Z", "image": "", "groups": [], "user_permissions": []}}, {"model": "user.user", "pk": 13, "fields": {"password": "pbkdf2_sha256$600000$OPEhRpYDnakOtP0xqEm7Cf$Dwf7kyKRawQFxX1X2DV9hLjg+5Wa/O4/2D49wXDlqrw=", "last_login": "2024-07-11T21:41:52.235Z", "is_superuser": false, "username": "Q", "first_name": "", "last_name": "", "email": "", "is_staff": false, "is_active": true, "date_joined": "2024-07-11T20:58:23.663Z", "image": "", "groups": [], "user_permissions": []}}, {"model": "user.user", "pk": 15, "fields": {"password": "pbkdf2_sha256$600000$6r3TcoE8vIhoS4R8kPleKX$4h+bvKCnjbvA80z7x6TMi6joNMRgR8mG2kr+m5C4wNM=", "last_login": "2024-07-11T21:46:49.640Z", "is_superuser": false, "username": "Anton", "first_name": "", "last_name": "", "email": "", "is_staff": false, "is_active": true, "date_joined": "2024-07-11T21:46:49.473Z", "image": "Screenshot from 2024-07-12 07-25-32.png", "groups": [], "user_permissions": []}}, {"model": "user.user", "pk": 16, "fields": {"password": "", "last_login": null, "is_superuser": false, "username": "", "first_name": "", "last_name": "", "email": "", "is_staff": false, "is_active": true, "date_joined": "2024-07-12T06:31:05.617Z", "image": "user_images/Screenshot_from_2024-07-12_07-25-32_11syBk4.png", "groups": [], "user_permissions": []}}, {"model": "user.user", "pk": 18, "fields": {"password": "pbkdf2_sha256$600000$jsHHrW98LcxxC2jnEgYUHr$ZDA6/JTBqe+0HxP7OVxbd1F+u7ju1qk43nSC8MuI0g4=", "last_login": "2024-07-13T00:54:32.409Z", "is_superuser": false, "username": "Bill_Gates", "first_name": "", "last_name": "", "email": "", "is_staff": false, "is_active": true, "date_joined": "2024-07-13T00:54:32.245Z", "image": "user_images/Screenshot_from_2024-07-11_16-28-32_UxBrI2K.png", "groups": [], "user_permissions": []}}, {"model": "user.user", "pk": 19, "fields": {"password": "pbkdf2_sha256$600000$v50ukDtqPeXaTPlIC0U6ZX$Z+Gw+0AQhxTrJpplgo6l4CnT6ufn7qMFS909FO4l3zM=", "last_login": "2024-07-13T01:01:57.434Z", "is_superuser": false, "username": "Antic", "first_name": "", "last_name": "", "email": "", "is_staff": false, "is_active": true, "date_joined": "2024-07-13T01:01:57.263Z", "image": "user_images/Screenshot_from_2024-07-12_07-25-32_S5VkLQ0.png", "groups": [], "user_permissions": []}}, {"model": "user.user", "pk": 20, "fields": {"password": "pbkdf2_sha256$600000$Tympwbm2UKzdX2dXHPTgUd$ImLSBd6YAKh1lXupJtV7qMjzpQ16oaxh1I+2fprR3bE=", "last_login": "2024-07-13T01:04:27.331Z", "is_superuser": false, "username": "Ok", "first_name": "", "last_name": "", "email": "", "is_staff": false, "is_active": true, "date_joined": "2024-07-13T01:04:27.162Z", "image": "", "groups": [], "user_permissions": []}}, {"model": "user.user", "pk": 21, "fields": {"password": "pbkdf2_sha256$600000$z9Bte2FCojLQCDuqXTPlaM$h1eWRg5NAEFPxDTlHSyQhpZZpyv6klQpuQwkTbSs4YQ=", "last_login": "2024-07-13T01:06:36.219Z", "is_superuser": false, "username": "Owner", "first_name": "", "last_name": "", "email": "", "is_staff": false, "is_active": true, "date_joined": "2024-07-13T01:06:36.055Z", "image": "", "groups": [], "user_permissions": []}}, {"model": "user.user", "pk": 22, "fields": {"password": "pbkdf2_sha256$600000$cJuyqPUWVs1NcPWISnfo65$MMPCi1HESSJrqzWgB+r3HRZ1dHjAE5MZVpnTxxkCtdo=", "last_login": "2024-07-13T09:01:35.213Z", "is_superuser": false, "username": "Antinormanist", "first_name": "", "last_name": "", "email": "", "is_staff": false, "is_active": true, "date_joined": "2024-07-13T09:01:35.037Z", "image": "user_images/FurryHide_s5DT5iU.webp", "groups": [], "user_permissions": []}}, {"model": "user.commentary", "pk": 3, "fields": {"sushi": 4, "user": null, "rate": 4, "comment": "Суши огонь"}}, {"model": "user.commentary", "pk": 4, "fields": {"sushi": 4, "user": null, "rate": 1, "comment": "Хотя не, отстой"}}, {"model": "user.commentary", "pk": 5, "fields": {"sushi": 4, "user": null, "rate": 1, "comment": "Хотя не, отстой"}}, {"model": "user.commentary", "pk": 18, "fields": {"sushi": 16, "user": 18, "rate": 1, "comment": "Не вкусно"}}, {"model": "user.commentary", "pk": 19, "fields": {"sushi": 14, "user": 18, "rate": 5, "comment": "На вкус прикольно"}}, {"model": "user.commentary", "pk": 20, "fields": {"sushi": 3, "user": 18, "rate": 4, "comment": "Наруто для позеров"}}, {"model": "user.commentary", "pk": 22, "fields": {"sushi": 12, "user": 18, "rate": 1, "comment": "Веганы сошли с ума"}}, {"model": "user.commentary", "pk": 23, "fields": {"sushi": 7, "user": null, "rate": 1, "comment": "Суши огонь"}}, {"model": "user.commentary", "pk": 24, "fields": {"sushi": 8, "user": null, "rate": 4, "comment": "Хотел бы увидеть сет овнера"}}, {"model": "user.commentary", "pk": 25, "fields": {"sushi": 15, "user": null, "rate": 1, "comment": "Золото фейковое"}}, {"model": "user.commentary", "pk": 26, "fields": {"sushi": 13, "user": null, "rate": 2, "comment": "Пойдёт"}}, {"model": "user.commentary", "pk": 27, "fields": {"sushi": 9, "user": null, "rate": 1, "comment": "Отстой"}}, {"model": "user.commentary", "pk": 28, "fields": {"sushi": 17, "user": null, "rate": 5, "comment": "Блестяще. Не смешно"}}, {"model": "user.commentary", "pk": 29, "fields": {"sushi": 10, "user": null, "rate": 5, "comment": "Я люблю мармелад"}}, {"model": "user.commentary", "pk": 30, "fields": {"sushi": 6, "user": 19, "rate": 5, "comment": "Слишком дёшево"}}, {"model": "user.commentary", "pk": 31, "fields": {"sushi": 14, "user": 19, "rate": 4, "comment": "Я бомж"}}, {"model": "user.commentary", "pk": 32, "fields": {"sushi": 4, "user": 19, "rate": 4, "comment": "Сет кит стартера лучше"}}, {"model": "user.commentary", "pk": 33, "fields": {"sushi": 2, "user": 19, "rate": 1, "comment": "Мало суш"}}, {"model": "user.commentary", "pk": 34, "fields": {"sushi": 11, "user": 19, "rate": 4, "comment": "Кто такой Мао?"}}, {"model": "user.commentary", "pk": 35, "fields": {"sushi": 19, "user": 19, "rate": 4, "comment": "Передаю тебе привет, кто смотрит эти фейковые сообщения от создателя этого сайта. пх)"}}, {"model": "user.commentary", "pk": 36, "fields": {"sushi": 5, "user": 19, "rate": 3, "comment": "Вкусно"}}, {"model": "user.commentary", "pk": 37, "fields": {"sushi": 7, "user": 20, "rate": 5, "comment": "Суши фигня"}}, {"model": "user.commentary", "pk": 38, "fields": {"sushi": 12, "user": 20, "rate": 3, "comment": "Вообщето не веганы, а вегетарианцы неуч"}}, {"model": "user.commentary", "pk": 39, "fields": {"sushi": 3, "user": 20, "rate": 5, "comment": "Я стану Хакаги!"}}, {"model": "user.commentary", "pk": 40, "fields": {"sushi": 1, "user": 20, "rate": 5, "comment": "Суши огонь"}}, {"model": "user.commentary", "pk": 41, "fields": {"sushi": 20, "user": 20, "rate": 5, "comment": "Единственные адекватные суши в магазине"}}, {"model": "user.commentary", "pk": 42, "fields": {"sushi": 19, "user": 20, "rate": 1, "comment": "Тебе тоже привет"}}, {"model": "user.commentary", "pk": 43, "fields": {"sushi": 9, "user": 20, "rate": 5, "comment": "Суши огонь"}}, {"model": "user.commentary", "pk": 44, "fields": {"sushi": 5, "user": 21, "rate": 1, "comment": "Суши огонь"}}, {"model": "user.commentary", "pk": 45, "fields": {"sushi": 13, "user": 21, "rate": 1, "comment": "Суши огонь"}}, {"model": "user.commentary", "pk": 46, "fields": {"sushi": 11, "user": 21, "rate": 5, "comment": "Суши огонь"}}, {"model": "user.commentary", "pk": 47, "fields": {"sushi": 14, "user": 21, "rate": 5, "comment": "Суши огонь"}}, {"model": "user.commentary", "pk": 48, "fields": {"sushi": 16, "user": 21, "rate": 5, "comment": "Суши огонь"}}, {"model": "user.commentary", "pk": 49, "fields": {"sushi": 20, "user": 21, "rate": 5, "comment": "Суши вода"}}, {"model": "user.commentary", "pk": 50, "fields": {"sushi": 20, "user": 21, "rate": 4, "comment": "Суши огонь"}}, {"model": "user.commentary", "pk": 51, "fields": {"sushi": 20, "user": 21, "rate": 4, "comment": "Суши огонь"}}, {"model": "user.commentary", "pk": 52, "fields": {"sushi": 20, "user": 21, "rate": 4, "comment": "Суши огонь"}}, {"model": "user.commentary", "pk": 53, "fields": {"sushi": 20, "user": 21, "rate": 4, "comment": "Суши огонь"}}, {"model": "user.commentary", "pk": 54, "fields": {"sushi": 20, "user": 21, "rate": 4, "comment": "Суши огонь"}}, {"model": "user.commentary", "pk": 55, "fields": {"sushi": 20, "user": 21, "rate": 4, "comment": "Суши огонь"}}, {"model": "user.commentary", "pk": 56, "fields": {"sushi": 20, "user": 21, "rate": 4, "comment": "Суши огонь"}}, {"model": "user.commentary", "pk": 57, "fields": {"sushi": 20, "user": 21, "rate": 4, "comment": "Суши огонь"}}, {"model": "user.commentary", "pk": 58, "fields": {"sushi": 20, "user": 21, "rate": 4, "comment": "Суши огонь"}}, {"model": "user.commentary", "pk": 59, "fields": {"sushi": 20, "user": 21, "rate": 4, "comment": "Суши огонь"}}, {"model": "user.commentary", "pk": 60, "fields": {"sushi": 20, "user": 21, "rate": 4, "comment": "Суши огонь"}}, {"model": "user.commentary", "pk": 61, "fields": {"sushi": 20, "user": 21, "rate": 4, "comment": "Суши огонь"}}, {"model": "user.commentary", "pk": 62, "fields": {"sushi": 20, "user": 21, "rate": 4, "comment": "Суши огонь"}}, {"model": "user.commentary", "pk": 63, "fields": {"sushi": 20, "user": 21, "rate": 4, "comment": "Суши огонь"}}, {"model": "user.commentary", "pk": 64, "fields": {"sushi": 20, "user": 21, "rate": 4, "comment": "Суши огонь"}}, {"model": "user.commentary", "pk": 65, "fields": {"sushi": 20, "user": 21, "rate": 4, "comment": "Суши огонь"}}, {"model": "user.commentary", "pk": 66, "fields": {"sushi": 20, "user": 21, "rate": 4, "comment": "Суши огонь"}}, {"model": "user.commentary", "pk": 67, "fields": {"sushi": 20, "user": 21, "rate": 4, "comment": "Суши огонь"}}, {"model": "user.commentary", "pk": 68, "fields": {"sushi": 20, "user": 21, "rate": 4, "comment": "Суши огонь"}}, {"model": "user.commentary", "pk": 69, "fields": {"sushi": 20, "user": 21, "rate": 4, "comment": "Суши огонь"}}, {"model": "user.commentary", "pk": 70, "fields": {"sushi": 20, "user": 21, "rate": 4, "comment": "Суши огонь"}}, {"model": "user.commentary", "pk": 71, "fields": {"sushi": 20, "user": 21, "rate": 4, "comment": "Суши огонь"}}, {"model": "user.commentary", "pk": 72, "fields": {"sushi": 20, "user": 21, "rate": 4, "comment": "Суши огонь"}}, {"model": "user.commentary", "pk": 73, "fields": {"sushi": 20, "user": 21, "rate": 4, "comment": "Суши огонь"}}, {"model": "user.commentary", "pk": 74, "fields": {"sushi": 20, "user": 21, "rate": 4, "comment": "Суши огонь"}}, {"model": "user.commentary", "pk": 75, "fields": {"sushi": 20, "user": 21, "rate": 4, "comment": "Суши огонь"}}, {"model": "user.commentary", "pk": 76, "fields": {"sushi": 20, "user": 21, "rate": 4, "comment": "Суши огонь"}}, {"model": "user.commentary", "pk": 77, "fields": {"sushi": 20, "user": 21, "rate": 4, "comment": "Суши огонь"}}, {"model": "user.commentary", "pk": 78, "fields": {"sushi": 20, "user": 21, "rate": 4, "comment": "Суши огонь"}}, {"model": "user.commentary", "pk": 79, "fields": {"sushi": 20, "user": 21, "rate": 4, "comment": "Суши огонь"}}, {"model": "user.commentary", "pk": 81, "fields": {"sushi": 20, "user": 21, "rate": 4, "comment": "Суши огонь"}}, {"model": "user.commentary", "pk": 82, "fields": {"sushi": 20, "user": 21, "rate": 4, "comment": "Суши огонь"}}, {"model": "user.commentary", "pk": 83, "fields": {"sushi": 2, "user": 21, "rate": 4, "comment": "Суши огонь"}}, {"model": "user.commentary", "pk": 84, "fields": {"sushi": 1, "user": 21, "rate": 4, "comment": "Суши огонь"}}, {"model": "user.commentary", "pk": 85, "fields": {"sushi": 8, "user": 21, "rate": 4, "comment": "Суши огонь"}}, {"model": "user.commentary", "pk": 86, "fields": {"sushi": 4, "user": 21, "rate": 4, "comment": "Суши огонь"}}, {"model": "user.commentary", "pk": 87, "fields": {"sushi": 9, "user": 21, "rate": 4, "comment": "Суши огонь"}}, {"model": "user.commentary", "pk": 88, "fields": {"sushi": 9, "user": 21, "rate": 4, "comment": "Суши огонь"}}, {"model": "user.commentary", "pk": 89, "fields": {"sushi": 6, "user": 21, "rate": 4, "comment": "Суши огонь"}}, {"model": "user.commentary", "pk": 90, "fields": {"sushi": 7, "user": 21, "rate": 4, "comment": "Суши огонь"}}, {"model": "user.commentary", "pk": 91, "fields": {"sushi": 12, "user": 21, "rate": 4, "comment": "Суши огонь"}}, {"model": "user.commentary", "pk": 92, "fields": {"sushi": 12, "user": 21, "rate": 4, "comment": "Суши огонь"}}, {"model": "user.commentary", "pk": 93, "fields": {"sushi": 12, "user": 21, "rate": 4, "comment": "Суши огонь"}}, {"model": "user.commentary", "pk": 94, "fields": {"sushi": 14, "user": 21, "rate": 1, "comment": "Суши огонь"}}, {"model": "user.commentary", "pk": 95, "fields": {"sushi": 15, "user": 21, "rate": 5, "comment": "Суши огонь"}}, {"model": "user.commentary", "pk": 96, "fields": {"sushi": 15, "user": 21, "rate": 4, "comment": "Суши огонь"}}, {"model": "user.commentary", "pk": 97, "fields": {"sushi": 15, "user": 21, "rate": 4, "comment": "Суши огонь"}}, {"model": "user.commentary", "pk": 98, "fields": {"sushi": 15, "user": 21, "rate": 4, "comment": "Суши огонь"}}, {"model": "user.commentary", "pk": 99, "fields": {"sushi": 15, "user": 21, "rate": 4, "comment": "Суши огонь"}}, {"model": "user.commentary", "pk": 100, "fields": {"sushi": 15, "user": 21, "rate": 4, "comment": "Суши огонь"}}, {"model": "user.commentary", "pk": 101, "fields": {"sushi": 15, "user": 21, "rate": 4, "comment": "Суши огонь"}}, {"model": "user.commentary", "pk": 103, "fields": {"sushi": 1, "user": null, "rate": 4, "comment": "Суши огонь"}}, {"model": "user.commentary", "pk": 104, "fields": {"sushi": 1, "user": null, "rate": 4, "comment": "Суши огонь"}}, {"model": "user.commentary", "pk": 105, "fields": {"sushi": 1, "user": null, "rate": 4, "comment": "Суши огонь"}}, {"model": "user.commentary", "pk": 106, "fields": {"sushi": 1, "user": null, "rate": 4, "comment": "Суши огонь"}}, {"model": "user.commentary", "pk": 107, "fields": {"sushi": 1, "user": null, "rate": 4, "comment": "Суши огонь"}}, {"model": "user.commentary", "pk": 108, "fields": {"sushi": 1, "user": null, "rate": 4, "comment": "Суши огонь"}}, {"model": "user.commentary", "pk": 109, "fields": {"sushi": 1, "user": null, "rate": 4, "comment": "Суши огонь"}}, {"model": "user.commentary", "pk": 110, "fields": {"sushi": 1, "user": null, "rate": 4, "comment": "Суши огонь"}}, {"model": "user.commentary", "pk": 111, "fields": {"sushi": 1, "user": null, "rate": 4, "comment": "Суши огонь"}}, {"model": "user.commentary", "pk": 112, "fields": {"sushi": 1, "user": null, "rate": 4, "comment": "Суши огонь"}}, {"model": "user.commentary", "pk": 113, "fields": {"sushi": 1, "user": null, "rate": 4, "comment": "Суши огонь"}}, {"model": "user.commentary", "pk": 114, "fields": {"sushi": 1, "user": null, "rate": 4, "comment": "Суши огонь"}}, {"model": "user.commentary", "pk": 115, "fields": {"sushi": 1, "user": null, "rate": 4, "comment": "Суши огонь"}}, {"model": "user.commentary", "pk": 116, "fields": {"sushi": 1, "user": null, "rate": 4, "comment": "Суши огонь"}}, {"model": "user.commentary", "pk": 117, "fields": {"sushi": 1, "user": null, "rate": 4, "comment": "Суши огонь"}}, {"model": "user.commentary", "pk": 118, "fields": {"sushi": 1, "user": null, "rate": 4, "comment": "Суши огонь"}}, {"model": "user.commentary", "pk": 119, "fields": {"sushi": 1, "user": null, "rate": 4, "comment": "Суши огонь"}}, {"model": "user.commentary", "pk": 120, "fields": {"sushi": 1, "user": null, "rate": 4, "comment": "Суши огонь"}}, {"model": "user.commentary", "pk": 121, "fields": {"sushi": 1, "user": null, "rate": 4, "comment": "Суши огонь"}}, {"model": "user.commentary", "pk": 122, "fields": {"sushi": 1, "user": null, "rate": 4, "comment": "Суши огонь"}}, {"model": "user.commentary", "pk": 123, "fields": {"sushi": 1, "user": null, "rate": 4, "comment": "Суши огонь"}}, {"model": "user.commentary", "pk": 124, "fields": {"sushi": 1, "user": null, "rate": 4, "comment": "Суши огонь"}}, {"model": "user.commentary", "pk": 125, "fields": {"sushi": 1, "user": null, "rate": 4, "comment": "Суши огонь"}}, {"model": "user.commentary", "pk": 126, "fields": {"sushi": 1, "user": null, "rate": 4, "comment": "Суши огонь"}}, {"model": "user.commentary", "pk": 127, "fields": {"sushi": 1, "user": null, "rate": 4, "comment": "Суши огонь"}}, {"model": "user.commentary", "pk": 128, "fields": {"sushi": 1, "user": null, "rate": 4, "comment": "Суши огонь"}}, {"model": "user.commentary", "pk": 129, "fields": {"sushi": 1, "user": null, "rate": 4, "comment": "Суши огонь"}}, {"model": "user.commentary", "pk": 130, "fields": {"sushi": 1, "user": null, "rate": 4, "comment": "Суши огонь"}}, {"model": "user.commentary", "pk": 131, "fields": {"sushi": 1, "user": null, "rate": 4, "comment": "Суши огонь"}}, {"model": "user.commentary", "pk": 132, "fields": {"sushi": 1, "user": null, "rate": 4, "comment": "Суши огонь"}}, {"model": "user.commentary", "pk": 133, "fields": {"sushi": 1, "user": null, "rate": 4, "comment": "Суши огонь"}}, {"model": "user.commentary", "pk": 134, "fields": {"sushi": 1, "user": null, "rate": 4, "comment": "Суши огонь"}}, {"model": "user.commentary", "pk": 135, "fields": {"sushi": 1, "user": null, "rate": 4, "comment": "Суши огонь"}}, {"model": "user.commentary", "pk": 136, "fields": {"sushi": 1, "user": null, "rate": 4, "comment": "Суши огонь"}}, {"model": "cart.cart", "pk": 14, "fields": {"sushi": 1, "amount": 2, "user": 22}}, {"model": "cart.cart", "pk": 15, "fields": {"sushi": 12, "amount": 4, "user": 22}}]